{
    "structure_info": {
        "num_kpts": 20,
        "lattice_param": 1,
        "cell": [
            [
                3.7168995800034805,
                0,
                2.275944586701702e-16
            ],
            [
                8.696339218426278e-16,
                5.407758680704453,
                3.3112971794430112e-16
            ],
            [
                0,
                0,
                10.679309330040635
            ]
        ],
        "atoms": [
            [
                "Mn",
                [
                    0.5,
                    0.731728925,
                    0.13278114500000004
                ],
                4
            ],
            [
                "Mn",
                [
                    0.5,
                    0.268271075,
                    0.867218855
                ],
                4
            ],
            [
                "Mn",
                [
                    0.5,
                    0.768271075,
                    0.632781145
                ],
                4
            ],
            [
                "Mn",
                [
                    0.5,
                    0.23172892500000009,
                    0.36721885499999996
                ],
                4
            ],
            [
                "Mn",
                [
                    0,
                    0.7529809949999999,
                    0.3972663249999999
                ],
                4
            ],
            [
                "Mn",
                [
                    0,
                    0.24701900500000007,
                    0.6027336750000001
                ],
                4
            ],
            [
                "Mn",
                [
                    0,
                    0.25298099499999993,
                    0.10273367500000008
                ],
                4
            ],
            [
                "Mn",
                [
                    0,
                    0.7470190050000001,
                    0.8972663249999999
                ],
                4
            ],
            [
                "O",
                [
                    0.5,
                    0,
                    0
                ],
                0
            ],
            [
                "O",
                [
                    0.5,
                    0.622026635,
                    0.812091675
                ],
                0
            ],
            [
                "O",
                [
                    0.5,
                    0.1220266350000001,
                    0.687908325
                ],
                0
            ],
            [
                "O",
                [
                    0.5,
                    0.877973365,
                    0.312091675
                ],
                0
            ],
            [
                "O",
                [
                    0,
                    0.814106895,
                    0.596202835
                ],
                0
            ],
            [
                "O",
                [
                    0,
                    0.185893105,
                    0.40379716499999996
                ],
                0
            ],
            [
                "O",
                [
                    0.5,
                    0.377973365,
                    0.187908325
                ],
                0
            ],
            [
                "O",
                [
                    0,
                    0.685893105,
                    0.09620283500000015
                ],
                0
            ],
            [
                "O",
                [
                    0.5,
                    0.5,
                    0.5
                ],
                0
            ],
            [
                "O",
                [
                    0,
                    0.3141068950000001,
                    0.903797165
                ],
                0
            ]
        ]
    },
    "general_flags": {
        "amix": 0.2,
        "bmix": 1e-05,
        "amix_mag": 0.8,
        "bmix_mag": 1e-05,
        "encut": 520,
        "ismear": 0,
        "sigma": 0.05,
        "lreal": false,
        "ediff": 1e-05,
        "prec": "N",
        "algo": "D",
        "kpar": 2,
        "ncore": 4,
        "nelm": 500,
        "nelmin": 6,
        "ispin": 2,
        "kspacing": 0.2
    },
    "scf": {
        "icharg": 2,
        "istart": 0,
        "xc": "pbe"
    },
    "band": {
        "icharg": 11,
        "lcharg": false,
        "lwave": false
    },
    "pbe": {
        "xc": "pbe",
        "ldau": true,
        "ldau_luj": {
            "Mn": {
                "L": 2,
                "U": 3.891098,
                "J": 0
            },
            "O": {
                "L": 1,
                "U": 0,
                "J": 0
            }
        },
        "lmaxmix": 4
    },
    "hse": {
        "xc": "hse06",
        "aexx": 0.25,
        "time": 0.4,
        "ldiag": true,
        "precfock": "Fast"
    }
}